{"cameraMode":{"drawMode":0,"name":"Shaded","section":"Shading Mode"},"sceneLighting":true,"audioPlay":false,"sceneViewState":{"showFog":true,"showMaterialUpdate":true,"showSkybox":true,"showFlares":true,"showImageEffects":true,"showParticleSystems":true},"in2DMode":false,"pivot":{"x":1716.206298828125,"y":181.52957153320313,"z":4613.8798828125},"rotation":{"x":-0.010688578709959984,"y":-0.9890458583831787,"z":0.1156458929181099,"w":-0.0916396826505661},"size":343.2804870605469,"orthographic":false}