{"cameraMode":{"drawMode":0,"name":"Shaded","section":"Shading Mode"},"sceneLighting":false,"audioPlay":false,"sceneViewState":{"showFog":true,"showMaterialUpdate":false,"showSkybox":false,"showFlares":true,"showImageEffects":true,"showParticleSystems":true},"in2DMode":false,"pivot":{"x":111.04930877685547,"y":107.28584289550781,"z":44.561859130859378},"rotation":{"x":0.2154134213924408,"y":-0.7706133127212524,"z":0.332551509141922,"w":0.4991699755191803},"size":63.140899658203128,"orthographic":false}