{"cameraMode":{"drawMode":0,"name":"Shaded","section":"Shading Mode"},"sceneLighting":false,"audioPlay":false,"sceneViewState":{"showFog":true,"showMaterialUpdate":true,"showSkybox":true,"showFlares":true,"showImageEffects":true,"showParticleSystems":true},"in2DMode":false,"pivot":{"x":211.21194458007813,"y":-181.27493286132813,"z":68.8922119140625},"rotation":{"x":0.2705453038215637,"y":-0.7242958545684815,"z":0.3946337401866913,"w":0.4964877963066101},"size":1425.164306640625,"orthographic":false}