{"cameraMode":{"drawMode":0,"name":"Shaded","section":"Shading Mode"},"sceneLighting":false,"audioPlay":false,"sceneViewState":{"showFog":true,"showMaterialUpdate":false,"showSkybox":false,"showFlares":true,"showImageEffects":true,"showParticleSystems":true},"in2DMode":false,"pivot":{"x":-219.6307373046875,"y":-441.067138671875,"z":57.30381774902344},"rotation":{"x":0.29849565029144289,"y":-0.6583414077758789,"z":0.321186363697052,"w":0.6118302941322327},"size":1187.2843017578125,"orthographic":false}