{"cameraMode":{"drawMode":0,"name":"Shaded","section":"Shading Mode"},"sceneLighting":false,"audioPlay":false,"sceneViewState":{"showFog":true,"showMaterialUpdate":true,"showSkybox":false,"showFlares":true,"showImageEffects":true,"showParticleSystems":true},"in2DMode":false,"pivot":{"x":-41.2471923828125,"y":650.3772583007813,"z":282.25189208984377},"rotation":{"x":0.0491488054394722,"y":-0.6142908334732056,"z":0.03837806358933449,"w":0.7866206765174866},"size":1588.7408447265625,"orthographic":false}