{"cameraMode":{"drawMode":0,"name":"Shaded","section":"Shading Mode"},"sceneLighting":false,"audioPlay":false,"sceneViewState":{"showFog":true,"showMaterialUpdate":true,"showSkybox":false,"showFlares":true,"showImageEffects":true,"showParticleSystems":true},"in2DMode":false,"pivot":{"x":-113.0,"y":40.759498596191409,"z":463.9399719238281},"rotation":{"x":-0.5327507257461548,"y":0.16563773155212403,"z":-0.10723667591810227,"w":-0.8229994177818298},"size":101.2678451538086,"orthographic":false}