{"cameraMode":{"drawMode":0,"name":"Shaded","section":"Shading Mode"},"sceneLighting":false,"audioPlay":false,"sceneViewState":{"showFog":true,"showMaterialUpdate":true,"showSkybox":false,"showFlares":true,"showImageEffects":true,"showParticleSystems":true},"in2DMode":false,"pivot":{"x":25.328189849853517,"y":-22.261962890625,"z":-307.5632019042969},"rotation":{"x":0.6272396445274353,"y":-0.002334716496989131,"z":0.0018836002564057708,"w":0.7788316011428833},"size":1331.26025390625,"orthographic":false}