{"cameraMode":{"drawMode":0,"name":"Shaded","section":"Shading Mode"},"sceneLighting":false,"audioPlay":false,"sceneViewState":{"showFog":true,"showMaterialUpdate":true,"showSkybox":false,"showFlares":true,"showImageEffects":true,"showParticleSystems":true},"in2DMode":false,"pivot":{"x":-348.5973205566406,"y":94.9486083984375,"z":236.26693725585938},"rotation":{"x":0.6272396445274353,"y":-0.002334716496989131,"z":0.0018836002564057708,"w":0.7788316011428833},"size":1054.108642578125,"orthographic":false}