{"cameraMode":{"drawMode":0,"name":"Shaded","section":"Shading Mode"},"sceneLighting":false,"audioPlay":false,"sceneViewState":{"showFog":true,"showMaterialUpdate":true,"showSkybox":false,"showFlares":true,"showImageEffects":true,"showParticleSystems":true},"in2DMode":false,"pivot":{"x":115.41201782226563,"y":-213.19879150390626,"z":-421.0495300292969},"rotation":{"x":0.5296418070793152,"y":-0.4042571187019348,"z":0.31724196672439577,"w":0.6748685836791992},"size":820.5825805664063,"orthographic":false}