{"cameraMode":{"drawMode":0,"name":"Shaded","section":"Shading Mode"},"sceneLighting":false,"audioPlay":false,"sceneViewState":{"showFog":true,"showMaterialUpdate":true,"showSkybox":false,"showFlares":true,"showImageEffects":true,"showParticleSystems":true},"in2DMode":false,"pivot":{"x":134.34426879882813,"y":19.02801513671875,"z":548.310546875},"rotation":{"x":-0.10679244250059128,"y":-0.7695780992507935,"z":0.6152349710464478,"w":-0.13361020386219026},"size":516.3419189453125,"orthographic":false}