{"cameraMode":{"drawMode":0,"name":"Shaded","section":"Shading Mode"},"sceneLighting":false,"audioPlay":false,"sceneViewState":{"showFog":true,"showMaterialUpdate":false,"showSkybox":false,"showFlares":true,"showImageEffects":true,"showParticleSystems":true},"in2DMode":false,"pivot":{"x":-0.041758060455322269,"y":0.5857442617416382,"z":-1.404451847076416},"rotation":{"x":0.2154134213924408,"y":-0.7706133127212524,"z":0.332551509141922,"w":0.4991699755191803},"size":0.8357383012771606,"orthographic":false}