{"cameraMode":{"drawMode":0,"name":"Shaded","section":"Shading Mode"},"sceneLighting":true,"audioPlay":false,"sceneViewState":{"showFog":true,"showMaterialUpdate":true,"showSkybox":true,"showFlares":true,"showImageEffects":true,"showParticleSystems":true},"in2DMode":false,"pivot":{"x":0.76883465051651,"y":0.3519635498523712,"z":0.5632731914520264},"rotation":{"x":-0.03549516201019287,"y":0.7583906054496765,"z":0.04146410897374153,"w":0.6496263742446899},"size":0.7293450236320496,"orthographic":false}